date,cases,stay_at_home_announced,stay_at_home_effective,mean_temp,min_temp,max_temp,dewpoint,station_pressure,visibility,wind_speed,max_wind_speed,fog,rain,snow,hail,thunder,tornado,mean_temp_3d_avg,mean_temp_5d_avg,mean_temp_10d_avg,mean_temp_15d_avg,max_temp_3d_avg,max_temp_5d_avg,max_temp_10d_avg,max_temp_15d_avg,min_temp_3d_avg,min_temp_5d_avg,min_temp_10d_avg,min_temp_15d_avg,dewpoint_3d_avg,dewpoint_5d_avg,dewpoint_10d_avg,dewpoint_15d_avg
"2020/1/26",1,no,no,58.2,50,68,47.6,984.3,5.3,1.7,4.1,0,0,0,0,0,0,64.53333333,65.78,65.72,65.22,71,73.04,71.6,71.24,57.8,56.84,58.1,57.2,39.93333333,36.46,32.72,33.02
"2020/1/27",1,no,no,65.8,57.2,71.6,35.7,986.3,10,10.9,17.1,0,0,0,0,0,0,63.66666667,65.02,67.55,64.54666667,71.6,71.24,74.12,70.76,54.2,57.56,58.64,56.6,36.73333333,33.72,31.16,33.02
"2020/1/28",1,no,no,67,55.4,75.2,26.9,985.9,10,8.5,12,0,0,0,0,0,0,65.76666667,64.08,66.93,63.99333333,71.6,70.88,74.3,70.16,57.2,55.4,57.56,56.12,28.16666667,29.22,31.13,30.60666667
"2020/1/29",1,no,no,64.5,59,68,21.9,981.9,10,14.3,20,0,0,0,0,0,0,65.46666667,66.38,65.43,63.76,71.6,73.04,72.86,70.16,56.6,56.84,56.48,55.4,20.93333333,25.24,29.93,27.74666667
"2020/1/30",1,no,no,64.9,55.4,71.6,14,982.7,10,4.4,9.9,0,0,0,0,0,0,66.36666667,67.96,63.64,63.82666667,72.8,75.2,71.06,70.64,57.2,57.2,54.5,54.92,21.2,23.9,25.92,26.59333333
"2020/1/31",1,no,no,69.7,57.2,78.8,27.7,986.7,10,3.1,9.9,0,0,0,0,0,0,69.43333333,68.08,63.11,62.88,77.6,75.56,70.16,70.16,57.2,58.28,53.42,53.48,23.56666667,25.8,21.52,26.42666667
"2020/2/1",1,no,no,73.7,59,82.4,29,987.2,10,3.1,8,0,0,0,0,0,0,70.33333333,65.84,62.17,62.43333333,79.4,74.48,69.44,69.56,59,55.4,52.34,53.12,31.03333333,26.14,20.68,26.65333333
"2020/2/2",1,no,no,67.6,60.8,77,36.4,980.2,10,5.2,9.9,0,0,0,0,0,0,64.86666667,63.2,61.43,61.40666667,74,71.24,68.72,68.6,54.8,53.6,51.8,52.04,29.66666667,22.62,21.41,27.2
"2020/2/3",1,no,no,53.3,44.6,62.6,23.6,977,9.6,11.5,22.9,0,0,0,0,0,0,57.53333333,59.84,61.14,61.6,65,67.28,68.72,68.6,50.6,50,50.9,52.28,18.8,17.8,23.12,25.58666667
"2020/2/4",1,no,no,51.7,46.4,55.4,-3.6,982.5,10,12.5,19,0,0,0,0,0,0,52.63333333,56.38,60.07,61.63333333,59,63.68,67.46,68.48,43.4,47.48,50.36,52.64,7.866666667,17.46,26.19,24.04
"2020/2/5",1,no,no,52.9,39.2,59,3.6,984.8,10,4.5,9.9,0,0,0,0,0,0,53.66666667,54.78,59.21,61.14,59.6,61.88,66.38,67.88,44,45.32,50,52.16,9.1,17.02,25.76,24.34
"2020/2/6",1,no,no,56.4,46.4,64.4,27.3,984.2,10,0.5,4.1,0,0,0,0,0,0,56.3,56.44,58.47,60.85333333,63.8,62.96,65.12,67.88,45.2,46.4,50.36,51.56,21.7,20.1,24.11,25.14
"2020/2/7",1,no,no,59.6,50,68,34.2,982.7,10,0.3,4.1,0,0,0,0,0,0,59.2,56.94,57.67,60.64666667,66.8,63.68,64.04,67.64,48.8,47.12,49.1,51.2,33.5,29.76,23.61,26.34
"2020/2/8",1,no,no,61.6,50,68,39,980.5,10,1.2,7,0,0,0,0,0,0,58.46666667,58.58,58.36,60.13333333,65,65.48,64.58,66.92,50,50,49.64,50.84,39.3,33.72,24.64,26.72666667
"2020/2/9",1,no,no,54.2,50,59,44.7,975.7,9.1,2.8,9.9,0,0,0,0,0,0,58.96666667,60.56,59.37,59.40666667,65,66.56,65.84,66.2,51.2,53.24,50,50.36,35.7,30.76,28.2,27.36666667
"2020/2/10",1,no,no,61.1,53.6,68,23.4,975.6,10,9.9,19,0,0,0,0,0,0,60.53333333,60.56,60.28,59.07333333,65.6,66.2,66.74,65.72,55.4,52.88,51.26,49.76,26.86666667,30.2,31.19,27.64
"2020/2/11",1,no,no,66.3,62.6,69.8,12.5,979.5,10,10.5,15,0,0,0,0,0,0,62.33333333,60.28,60.92,59.72,68,66.2,67.46,66.32,54.8,52.88,51.8,50.12,22.43333333,29.18,32.32,28.91333333
"2020/2/12",1,no,no,59.6,48.2,66.2,31.4,982.4,10,2,9.9,0,0,0,0,0,0,62.03333333,61.8,61.22,60.42666667,68,68,67.64,67.16,53.6,52.88,51.98,50.48,25.93333333,26.64,32.95,32.22666667
"2020/2/13",1,no,no,60.2,50,68,33.9,982.2,10,0.8,6,0,0,0,0,0,0,60.53333333,61.98,61.36,61.43333333,67.4,68,68,68.24,49.4,52.52,51.98,51.56,32.43333333,28.66,33.32,34.22
"2020/2/14",1,no,no,61.8,50,68,32,981.8,10,0.8,6,0,0,0,0,0,0,61.33333333,61.28,62.17,62.42666667,68,68.36,68.9,68.96,50.6,50.36,52.16,52.76,33.13333333,33.88,33.46,34.4
"2020/2/15",1,no,no,62,51.8,68,33.5,984.4,10,2.4,7,0,0,0,0,0,0,62.2,61.88,62.86,62.45333333,69.2,69.08,69.62,69.2,51.2,51.08,52.34,53,34.7,35.7,34.47,34.95333333
"2020/2/16",1,no,no,62.8,51.8,71.6,38.6,983.4,10,4.1,8,0,0,0,0,0,0,62.46666667,62.44,63.36,62.2,69.8,69.8,70.16,68.96,51.8,51.08,52.52,53.12,37.53333333,37.46,36.22,35.4
"2020/2/17",1,no,no,62.6,51.8,69.8,40.5,979,10,4.2,8,0,0,0,0,0,0,62.8,62.54,63.4,62.71333333,71,69.8,70.7,69.8,51.2,51.44,53.06,53.12,40.6,40.28,37.33,35.44
"2020/2/18",1,no,no,63,50,71.6,42.7,978.8,10,2,8,0,0,0,0,0,0,62.63333333,63.74,63.16,63.38666667,69.8,71.24,70.34,70.64,51.2,52.16,53.24,53.48,43.1,40.28,38.51,35.79333333
"2020/2/19",1,no,no,62.3,51.8,68,46.1,981.2,8.1,0.7,5.1,0,0,0,0,0,0,64.43333333,65.44,63.17,63.74,71.6,71.96,70.7,71.24,52.4,54.68,53.24,53.12,40.76666667,38.56,39.84,35.98666667
"2020/2/20",1,no,no,68,55.4,75.2,33.5,982.7,9.5,3.6,11.1,0,0,0,0,0,0,67.2,64.92,64.09,64.74,72.8,72.32,71.96,72.2,57.2,55.04,53.96,54.08,36.53333333,38.96,39.36,35.18
"2020/2/21",1,no,no,71.3,64.4,75.2,30,981.1,10,5.4,11.1,0,0,0,0,0,0,66.43333333,63.88,64.97,65.72666667,74,70.88,72.68,73.04,57.8,55.4,54.5,55.04,35.33333333,39.56,37.04,34.24666667
"2020/2/22",1,no,no,60,53.6,71.6,42.5,981,10,6.2,9.9,0,0,0,0,0,0,63.03333333,63.8,66.17,66.02666667,70.4,71.6,73.76,73.64,56.6,55.04,55.58,55.52,39.4,39.4,34.92,34.12
"2020/2/23",1,no,no,57.8,51.8,64.4,45.7,986.6,10,3.8,6,0,1,0,0,0,0,59.9,64.44,67.37,65.66666667,69.2,72.68,74.66,73.4,51.8,55.76,57.02,55.64,44.5,38.44,32.64,34.69333333
"2020/2/24",1,no,no,61.9,50,71.6,45.3,986.4,10,3.8,8,0,0,0,0,0,0,63.63333333,64.5,67.77,65.42666667,72.2,73.4,75.56,73.04,53.6,54.32,57.56,55.52,39.9,35.52,31.04,33.71333333
"2020/2/25",1,no,no,71.2,59,80.6,28.7,985.9,10,6.7,15,0,0,0,0,0,0,68.23333333,67.42,66.63,65.96,77,75.2,74.48,73.76,55.4,56.12,57.38,56,29.8,30.88,31.9,32.42666667
"2020/2/26",1,no,no,71.6,57.2,78.8,15.4,988.4,10,4,9.9,0,0,0,0,0,0,72.46666667,70.86,65.42,66.22666667,80,78.44,73.58,74,59.6,58.64,55.94,56.36,21.13333333,25.72,31.29,32.22
"2020/2/27",1,no,no,74.6,62.6,80.6,19.3,986.2,10,3.2,11.1,0,0,0,0,0,0,73.73333333,71.74,66.48,66.60666667,80,79.52,74.48,74.72,61.4,60.08,56.48,56.6,18.2,22.68,29.16,31.94666667
"2020/2/28",1,no,no,75,64.4,80.6,19.9,984.7,10,3.2,7,0,0,0,0,0,0,71.96666667,68.82,67.4,66.65333333,79.4,76.28,75.56,74.84,61.4,59,56.84,56.84,23.1,25.36,28.55,32.60666667
"2020/2/29",1,no,no,66.3,57.2,77,30.1,982.8,10,4.4,8,0,0,0,0,0,0,65.96666667,66.34,68.01,65.73333333,74,73.76,76.28,74.24,58.4,57.56,57.38,56.12,30.7,27.06,28.22,33.64
"2020/3/1",1,no,no,56.6,53.6,64.4,42.1,978.5,10,8,12,0,0,0,0,0,0,60.7,65.54,67.76,65.48666667,69.2,73.76,75.92,73.52,53.6,56.84,57.38,55.76,32.03333333,27.44,29.69,33.48
"2020/3/2",1,no,no,59.2,50,66.2,23.9,977.1,10,8.6,15,0,0,0,0,0,0,62.13333333,63.94,66.35,65.58666667,70.4,72.68,74.66,73.76,54.2,55.04,57.02,55.52,29.06666667,31.38,32.7,32.81333333
"2020/3/3",1,no,no,70.6,59,80.6,21.2,977.3,10,9,13,0,0,0,0,0,0,65.6,64.28,64.52,65.58666667,74,73.04,72.68,73.4,54.8,54.68,55.58,55.88,28.23333333,33.76,34.78,33.29333333
"2020/3/4",7,no,no,67,55.4,75.2,39.6,982.4,10,1.9,7,0,0,0,0,0,0,68.53333333,66.7,62.95,65.03333333,78.2,75.56,71.42,72.56,56.6,55.76,53.96,55.76,34.26666667,34.02,36.36,34.9
"2020/3/5",11,no,no,68,55.4,78.8,42,984.1,10,1.1,4.1,0,0,0,0,0,0,67.9,66.36,62.51,64.07333333,77,75.56,70.34,71.72,56.6,56.48,53.78,55.28,41.66666667,38.34,38.6,37.16666667
"2020/3/6",13,no,no,68.7,59,77,43.4,980.9,9.3,1.8,8,0,0,0,0,0,0,64.73333333,63.5,63.14,62.5,74,71.6,70.7,69.92,56,54.32,54.14,54.44,43.63333333,42.12,39.67,39.23333333
"2020/3/7",14,no,no,57.5,53.6,66.2,45.5,979.8,9.2,5.9,9.9,0,0,0,0,0,0,60.83333333,61.96,62.94,61.07333333,68,70.16,70.7,68.24,53.6,52.88,54.14,53.6,43,41.34,42.22,41.42
"2020/3/8",14,no,no,56.3,48.2,60.8,40.1,980.6,10,4.7,9.9,0,0,0,0,0,0,57.7,60.74,60.98,60.36,65,67.64,68,66.92,50,52.88,53.24,53.36,40.43333333,43.44,45.13,42.32
"2020/3/9",19,no,no,59.3,48.2,68,35.7,982.5,10,4.6,8,0,0,0,0,0,0,59.16666667,59.58,59.64,60.09333333,65,65.84,66.02,66.32,50.6,52.52,52.88,53.12,42.76666667,45.32,46.44,42.46666667
"2020/3/10",20,no,no,61.9,55.4,66.2,52.5,980.8,8.8,6,9.9,0,1,0,0,0,0,61.36666667,59.52,58.4,59.38,67.4,65.84,63.86,65.48,53.6,51.8,52.7,52.52,47,46.1,46.6,43.57333333
"2020/3/11",28,no,no,62.9,57.2,68,52.8,980.7,9.5,2.7,9.9,0,1,0,0,0,0,60.66666667,58.46,56.79,58.24666667,66.8,64.4,61.7,64.04,54.2,52.16,51.8,51.56,51.56666667,48.14,46.69,44.32666667
"2020/3/12",32,no,no,57.2,50,66.2,49.4,976.3,7.9,1.9,8,0,1,0,0,0,0,57.03333333,57.32,55.89,57.33333333,62.6,61.88,60.44,62.96,52.4,52.88,50.54,51.08,50.83333333,51.54,46.19,44.38
"2020/3/13",40,no,no,51,50,53.6,50.3,976.9,2.8,2.8,8.9,0,1,0,0,0,0,53.93333333,56.06,55.62,56.51333333,58.4,60.08,60.26,61.64,50.6,52.52,50.18,50.6,50.8,49.76,45.43,44.30666667
"2020/3/14",53,no,no,53.6,51.8,55.4,52.7,982.7,5.7,3,9.9,0,1,0,0,0,0,53.4,54,55.02,55.84666667,55.4,57.56,59.36,60.68,51.8,51.08,50.18,50,48.86666667,48.06,45.9,44.38
"2020/3/15",69,no,no,55.6,53.6,57.2,43.6,983.9,10,6.7,9.9,0,0,0,0,0,0,53.93333333,52.26,54.4,56,56,55.04,58.64,60.56,51.8,49.28,49.46,49.88,46.86666667,46.28,44.74,44.2
"2020/3/16",94,no,no,52.6,50,55.4,44.3,980.2,7.3,9.8,14,0,1,0,0,0,0,52.23333333,52.78,53.98,55.98666667,55.4,56.12,58.1,60.44,48.2,48.2,48.74,50.12,42.8,42.72,43.91,44.69333333
"2020/3/17",144,no,no,48.5,41,53.6,40.5,979.4,7.5,4,7,0,1,0,0,0,0,51.56666667,52.72,54.24,55.78,56,56.84,57.92,59.96,45.2,47.48,48.92,50.24,39.1,40.26,43.25,45.30666667
"2020/3/18",190,no,no,53.6,44.6,59,32.5,974.2,10,3.1,8,0,0,0,0,0,0,51.8,52.74,54.75,55.36,57.2,57.2,58.46,59.48,44.6,46.4,49.1,49.88,37.8,39.72,42.97,44.61333333
"2020/3/19",231,yes,yes,53.3,48.2,59,40.4,980.2,9,2.7,9.9,0,1,0,0,0,0,54.2,53.96,55.01,54.72666667,59,58.64,59,58.76,47,46.4,48.92,49.04,37.93333333,39.76,42.19,43.15333333
"2020/3/20",292,yes,yes,55.7,48.2,59,40.9,986,10,3.2,8,0,0,0,0,0,0,55.9,56.22,55.01,54.63333333,60.2,60.8,59.18,58.52,48.8,48.56,48.56,48.92,41.93333333,40.22,42.04,41.77333333
"2020/3/21",351,yes,yes,58.7,50,62.6,44.5,984.5,10,1,7,0,0,0,0,0,0,58.06666667,56.72,55.09,55.06666667,62,60.8,59.36,59.12,50,50,48.02,48.8,42.73333333,43.22,40.7,40.82
"2020/3/22",421,yes,yes,59.8,51.8,64.4,42.8,983.8,9.7,5.2,8.9,0,1,0,0,0,0,58.2,57.3,55.82,55.4,62,61.16,60.26,59.72,51.2,50.36,48.74,48.68,44.93333333,44.12,39.52,39.99333333
"2020/3/23",536,yes,yes,56.1,51.8,59,47.5,984.3,8.3,3.5,7,0,1,0,0,0,0,57.36666667,57.28,56.21,55.89333333,61.4,61.16,60.62,60.8,51.2,50.72,49.1,48.44,45.06666667,44.36,39.87,39.62
"2020/3/24",662,yes,yes,56.2,50,60.8,44.9,985.5,10,2,6,0,0,0,0,0,0,55.96666667,56.22,56.74,56.98666667,59.6,60.08,61.16,62.24,50.6,49.64,49.28,48.92,44.83333333,41.64,39.86,39.46666667
"2020/3/25",799,yes,yes,55.6,50,59,42.1,982.7,9.4,2.7,9.9,0,1,0,0,0,0,55.06666667,55.42,57.47,58.25333333,59,59.72,62.6,63.44,48.2,48.92,49.46,50,39.3,38.82,39.57,39.72
"2020/3/26",1216,yes,yes,53.4,44.6,57.2,30.9,979.7,10,3.3,9.9,0,0,0,0,0,0,54.93333333,55.7,58.5,58.9,59.6,60.44,64.04,63.92,47.6,48.2,50.18,50.72,33.9,36.52,39.32,40.21333333
"2020/3/27",1465,yes,yes,55.8,48.2,62.6,28.7,981.9,10,7.3,9.9,0,0,0,0,0,0,55.56666667,56.18,59.27,59.54,60.8,61.16,64.76,64.52,47,48.2,50.72,50.96,31.86666667,35.6,39.47,40.18
"2020/3/28",1804,yes,yes,57.5,48.2,62.6,36,984.8,10,3.4,12,0,0,0,0,0,0,57.3,57.66,59.99,59.76,63.2,64.04,65.48,64.88,48.8,48.2,51.08,51.2,35,34.78,38.71,40.46
"2020/3/29",2136,yes,yes,58.6,50,64.4,40.3,983.1,10,4.7,8.9,0,0,0,0,0,0,59.7,60.78,60.66,59.64666667,66.8,68,66.2,64.76,49.4,50.72,51.26,51.44,38.1,37,38.21,40.51333333
"2020/3/30",2474,yes,yes,63,50,73.4,38,985.9,10,2.8,8.9,0,0,0,0,0,0,63.53333333,63.12,61,59.27333333,71.6,69.8,66.74,64.28,52.4,52.52,51.44,51.32,40.1,40.12,38.51,40.91333333
"2020/3/31",3011,yes,yes,69,57.2,77,42,982.4,10,2.7,8,0,0,0,0,0,0,66.5,64.28,61.36,59.36,74,70.52,67.1,64.4,54.8,53.96,52.34,51.44,41.43333333,40.9,39.95,40.61333333
"2020/4/1",3518,yes,yes,67.5,57.2,71.6,44.3,976.1,10,1.7,6,0,0,0,0,0,0,66.6,65.14,61.2,58.96666667,71.6,71.24,66.56,64.04,56.6,54.32,52.52,51.2,42.06666667,40.82,41.96,40.53333333
"2020/4/2",4045,yes,yes,63.3,55.4,66.2,39.9,978,10,2.1,8.9,0,0,0,0,0,0,64.56666667,64.34,61.19,58.6,68.6,69.44,66.38,63.68,54.8,54.68,53.06,50.96,41.36666667,42.24,42.66,40.78
"2020/4/3",4566,yes,yes,62.9,51.8,68,39.9,978.3,10,2.2,7,0,0,0,0,0,0,61.73333333,61.94,60.36,58.5,66.2,66.2,65.48,63.56,53,53.96,52.7,51.2,41.63333333,42.9,43,41.74
"2020/4/4",5277,yes,yes,59,51.8,64.4,45.1,977.2,10,1,6,0,0,0,0,0,0,59.63333333,59.28,59.07,58.80666667,64.4,63.32,63.5,63.92,52.4,52.52,52.34,51.68,43.43333333,43.8,43.78,42.95333333
"2020/4/5",5940,yes,yes,57,53.6,60.8,45.3,976.2,10,7.4,9.9,0,0,0,0,0,0,56.73333333,58.1,57.36,58.82,60.8,62.24,61.34,64.04,51.8,52.16,51.44,52.16,46.4,44.42,44.11,43.91333333
"2020/4/6",6360,yes,yes,54.2,50,57.2,48.8,976.6,7,6.9,8.9,0,1,0,0,0,0,56.2,55.58,56.65,58.77333333,59.6,59.72,60.98,63.92,52.4,51.08,51.26,52.4,45.7,45.18,44.37,44.56666667
"2020/4/7",6910,yes,yes,57.4,53.6,60.8,43,980.2,9.6,5,6,0,0,0,0,0,0,53.96666667,53.8,56.09,58.90666667,57.8,57.56,60.8,64.16,50,50,51.26,52.52,45.16666667,45.32,45.42,44.66666667
"2020/4/8",7530,yes,yes,50.3,46.4,55.4,43.7,979.8,6.8,3,8,0,1,0,0,0,0,52.6,52.78,55.59,59.22666667,56.6,56.48,60.26,64.4,48.8,48.92,51.44,52.88,44.16666667,45.32,46.44,43.8
"2020/4/9",7955,yes,yes,50.1,46.4,53.6,45.8,983.3,8.2,0.8,5.1,0,1,0,0,0,0,50.76666667,54.02,56.19,59.29333333,54.8,58.64,61.52,64.52,47,50,51.44,52.88,44.93333333,44.94,45.88,43.56666667
"2020/4/10",8430,yes,yes,51.9,48.2,55.4,45.3,980.7,9.3,0.5,6,0,1,0,0,0,0,54.13333333,54.08,57.87,59.10666667,59,59.36,63.5,64.4,50,50.36,52.34,52.76,46,46.42,44.25,44.07333333
"2020/4/11",8873,yes,yes,60.4,55.4,68,46.9,979.3,10,2.9,9.9,0,0,0,0,0,0,56.66666667,55.6,59.3,58.86666667,62.6,60.8,65.12,63.92,53,51.8,53.06,53,47.53333333,47.7,43.45,44.52666667
"2020/4/12",9192,yes,yes,57.7,55.4,64.4,50.4,981.6,7.6,6,8,0,0,0,0,0,0,58.66666667,58.58,59.61,58.88666667,65,65.48,65.48,63.92,54.8,52.88,53.06,53.12,49.13333333,46.44,43.9,44.59333333
"2020/4/13",9420,yes,yes,57.9,53.6,62.6,50.1,983.7,9.1,2.6,7,0,1,0,0,0,0,60.2,62.96,60.51,59.09333333,68,70.52,66.02,64.16,53.6,55.76,53.96,53.12,46.66666667,43.18,44.2,44.78666667
"2020/4/14",10047,yes,yes,65,51.8,77,39.5,984.3,10,4.8,12,0,0,0,0,0,0,65.56666667,64.58,61.43,59.97333333,73.4,71.6,67.1,65.36,56,56.12,54.68,53.72,39.53333333,41.96,44.23,44.52
"2020/4/15",10496,yes,yes,73.8,62.6,80.6,29,981.7,10,4.1,14,0,0,0,0,0,0,69.1,65.14,62.25,61.28,77,71.6,68,67.28,57.2,55.76,55.22,54.2,36.43333333,41.38,44.52,44.43333333
"2020/4/16",10854,yes,yes,68.5,57.2,73.4,40.8,978.2,10,3.6,9.9,0,0,0,0,0,0,67.6,65.42,62.95,63.54666667,72.8,71.24,68.72,69.68,57.8,56.12,55.58,56.12,39.1,40.7,44.31,44.21333333
"2020/4/17",11391,yes,yes,60.5,53.6,64.4,47.5,979,10,4.2,8.9,0,0,0,0,0,0,62.76666667,64.28,64.88,65.91333333,66.2,68.72,71.24,72.44,55.4,56.48,56.12,57.92,45,42.02,43.44,44.07333333
"2020/4/18",12021,yes,yes,59.3,55.4,60.8,46.7,981.5,10,2.3,8,0,0,0,0,0,0,59.7,61.54,67.52,68.12,63.2,65.48,74.12,74.96,54.2,54.68,58.28,59.36,46.76666667,45.86,42.47,44.04
"2020/4/19",12341,yes,yes,59.3,53.6,64.4,46.1,982.2,10,1.2,5.1,0,0,0,0,0,0,59.56666667,61.32,69.58,69.56,63.2,65.84,75.92,76.16,54.2,55.04,60.44,60.44,47,46.66,42.89,43.97333333
"2020/4/20",13816,yes,yes,60.1,53.6,64.4,48.2,982.3,10,1.7,7,0,0,0,0,0,0,62.26666667,64.62,70.7,70.94666667,68,70.88,77.18,77.48,55.4,56.48,61.16,61.16,46.36666667,45.5,44.47,43.99333333
"2020/4/21",15140,yes,yes,67.4,59,75.2,44.8,982.7,10,8.6,13,0,0,0,0,0,0,68.16666667,69.62,72.05,72.42,76.4,77,78.44,79.04,57.8,60.44,62.6,62.12,44.9,44.24,44.98,44.22666667
"2020/4/22",16435,yes,yes,77,60.8,89.6,41.7,983.2,10,5.5,15,0,0,0,0,0,0,76.23333333,74.88,73.85,73.09333333,85.4,83.12,80.42,79.28,65,64.4,63.86,62.96,42.3,43.76,45.3,45.43333333
"2020/4/23",17508,yes,yes,84.3,75.2,91.4,40.4,979.6,10,10.9,15.9,0,0,0,0,0,0,82.3,79.86,75.92,73.10666667,92,88.88,82.94,79.76,69.8,67.64,65.12,62.84,41.93333333,43.08,45.99,47.17333333
"2020/4/24",18545,yes,yes,85.6,73.4,95,43.7,978.1,10,3.4,18.1,0,0,0,0,0,0,84.96666667,82.78,77.5,73.70666667,93.2,91.04,84.56,80.48,72.8,70.16,66.2,63.2,42.96666667,43.3,47.14,47.44666667
"2020/4/25",19107,yes,yes,85,69.8,93.2,44.8,978.9,10,3.9,11.1,0,0,0,0,0,0,84.2,83.08,78.89,74.5,91.4,89.96,86.9,81.32,71.6,71.24,66.92,63.68,44.8,45.1,47.83,47.56
"2020/4/26",19528,yes,yes,82,71.6,86,45.9,978.8,10,4.2,8.9,0,0,0,0,0,0,81.83333333,82.22,79.9,75.31333333,87.8,88.88,87.8,82.4,69.2,69.8,67.28,63.92,47.13333333,47.74,47.84,47.84
"2020/4/27",20417,yes,yes,78.5,66.2,84.2,50.7,979.2,10,6.7,8.9,0,0,0,0,0,0,80.16666667,80.12,79.44,76.38666667,85.4,86,86.54,83.84,68.6,68,67.28,64.52,50.06666667,50.52,48.59,48.16
"2020/4/28",20976,yes,yes,80,68,86,53.6,979.4,10,4.3,8,0,0,0,0,0,0,77.86666667,77.92,78.16,78.10666667,83.6,84.92,85.1,85.76,66.2,66.2,65.66,66.08,53.96666667,52.58,49.64,47.42
"2020/4/29",22485,yes,yes,75.1,64.4,80.6,57.6,979.8,9.1,3.6,11.1,0,0,0,0,0,0,76.36666667,77.02,77.14,79.48666667,84.8,84.56,84.2,87.08,64.4,64.4,64.58,67.16,55.43333333,52.38,50.36,46.81333333
"2020/4/30",23182,yes,yes,74,60.8,87.8,55.1,978.4,8.7,3.4,9.9,0,0,0,0,0,0,75.53333333,75.8,77.23,80.20666667,84.2,83.12,84.2,87.32,62.6,63.32,65.3,68.12,52.53333333,52.08,49.59,46.60666667
"2020/5/1",24215,yes,yes,77.5,62.6,84.2,44.9,978.1,10,6.4,18.1,0,0,0,0,0,0,74.63333333,74.1,77.84,80.04,83,81.32,85.1,87.08,61.4,61.52,65.66,67.88,49.73333333,51.54,48.57,46.96666667
"2020/5/2",24894,yes,yes,72.4,60.8,77,49.2,979.5,10,2.7,8,0,0,0,0,0,0,73.8,74.16,78.77,78.68666667,79.4,82.4,86,85.16,60.8,61.16,66.56,67.28,48.33333333,50.2,47.36,47.44666667
"2020/5/3",25662,yes,yes,71.5,59,77,50.9,980.9,10,6.8,9.9,0,0,0,0,0,0,73.1,76.54,78.95,77.64666667,80,83.48,86.18,83.72,60.8,64.4,66.92,67.04,50.33333333,46.6,46.58,47.54
"2020/5/4",26217,yes,yes,75.4,62.6,86,50.9,980.1,10,6.8,8,0,0,0,0,0,0,77.6,78.66,77.97,77,85.4,85.64,84.74,83.36,66.2,66.92,66.92,66.2,46.3,44.76,45.91,47.44
"2020/5/5",27815,yes,yes,85.9,77,93.2,37.1,979.2,10,2.9,9.9,0,0,0,0,0,0,83.13333333,81.74,77.51,76.73333333,91.4,88.88,83.12,82.88,71.6,69.8,67.46,66.2,41.23333333,42.64,45.02,47.2
"2020/5/6",28644,yes,yes,88.1,75.2,95,35.7,977.7,10,1.3,7,0,0,0,0,0,0,87.26666667,83.8,76.99,76.63333333,93.8,91.04,82.76,82.64,75.8,72.32,67.1,66.44,37.13333333,41.62,44.97,47.04666667
"2020/5/7",29427,yes,yes,87.8,75.2,93.2,38.6,975.9,10,1.6,9.9,0,0,0,0,0,0,85.9,81.78,77.2,76.46,92,87.08,82.76,82.4,74,72.68,67.64,66.32,40.03333333,41.62,44.76,46.68
"2020/5/8",30296,yes,yes,81.8,71.6,87.8,45.8,976.8,10,2.8,9.9,0,0,0,0,0,0,78.3,78.48,77.9,75.92,82.4,82.76,83.3,81.44,70.4,70.52,68.9,66.2,45.1,43.44,44.8,46.72
"2020/5/9",31197,yes,yes,81.8,71.6,87.8,45.8,976.8,10,2.8,9.9,0,0,0,0,0,0,78.3,78.48,77.9,75.92,82.4,82.76,83.3,81.44,70.4,70.52,68.9,66.2,45.1,43.44,44.8,46.72
"2020/5/10",31677,yes,yes,81.8,71.6,87.8,45.8,976.8,10,2.8,9.9,0,0,0,0,0,0,78.3,78.48,77.9,75.92,82.4,82.76,83.3,81.44,70.4,70.52,68.9,66.2,45.1,43.44,44.8,46.72
"2020/5/11",32258,yes,yes,81.8,71.6,87.8,45.8,976.8,10,2.8,9.9,0,0,0,0,0,0,78.3,78.48,77.9,75.92,82.4,82.76,83.3,81.44,70.4,70.52,68.9,66.2,45.1,43.44,44.8,46.72
"2020/5/12",33180,yes,yes,65.3,64.4,66.2,50.9,980.9,10,1.5,6,0,0,0,0,0,0,72.16666667,75.32,77.61,75.00666667,75.2,79.88,82.4,80.36,67.4,67.28,68.9,65.72,47.63333333,45.18,44.92,46.58
"2020/5/13",34428,yes,yes,69.4,66.2,71.6,46.2,979.6,10,2.6,8.9,0,0,0,0,0,0,69,72.66,75.61,74.68,72.8,76.64,80.42,80.12,63.2,65.48,67.1,65.48,47.16666667,46.88,46.78,46.31333333
"2020/5/14",35329,yes,yes,72.3,59,80.6,44.4,979.4,10,4.4,11.1,0,0,0,0,0,0,72.06666667,72,73.18,75.04666667,76.4,75.56,77.72,80.6,63.8,65.48,65.12,65.84,45.9,47.98,47.49,45.53333333
"2020/5/15",36259,yes,yes,74.5,66.2,77,47.1,977.5,10,7.1,11.1,0,0,0,0,0,0,75.1,73.44,71.15,74.84666667,80,77.72,75.74,80.36,65.6,65.12,63.32,65.72,47.6,48.22,48.15,45.32
"2020/5/16",37303,yes,yes,78.5,71.6,82.4,51.3,976.2,10,2.6,8,0,0,0,0,0,0,75.16666667,72.74,70.67,73.73333333,78.8,78.08,75.38,79.04,66.8,63.68,62.6,64.52,50.16666667,50.12,47.49,46.16666667
"2020/5/17",37974,yes,yes,72.5,62.6,77,52.1,976.9,10,4.3,7,0,0,0,0,0,0,72.3,71.04,71.38,72.68,77.6,75.56,77,78.2,64.4,62.96,62.24,63.44,53.03333333,49.8,47.17,47.25333333
"2020/5/18",38451,yes,yes,65.9,59,73.4,55.7,978.5,7.5,5.3,9.9,0,1,0,0,0,0,67.4,69.64,71.36,72.04,72.8,74.84,77.18,77.72,59,61.16,61.52,62.84,50.2,49.42,47.53,48.20666667
"2020/5/19",39573,yes,yes,63.8,55.4,68,42.8,979.5,10,2.9,8.9,0,0,0,0,0,0,65.73333333,69.34,71.36,72.08,71.6,75.2,77.36,77.96,57.2,59.72,61.52,62.84,47.9,47,48.29,48.48
"2020/5/20",40857,yes,yes,67.5,57.2,73.4,45.2,980.9,10,4.6,9.9,0,0,0,0,0,0,69.43333333,69.32,71.73,73.08,75.2,76.28,78.26,79.28,59,59.36,61.52,62.96,42.4,46.12,48.87,48.78
"2020/5/21",42037,yes,yes,77,64.4,84.2,39.2,978.1,10,1,6,0,0,0,0,0,0,72.3,69.98,72.12,73.55333333,80,76.28,79.16,80.12,60.8,59.36,61.52,62.6,44.03333333,44.94,48.73,49.48
"2020/5/22",43052,yes,yes,72.4,60.8,82.4,47.7,976.5,10,4.1,15,0,0,0,0,0,0,72.86666667,71.68,72.9,73.28,80,79.16,80.06,79.76,61.4,60.08,61.88,62.72,45.56666667,46.78,49.06,50.32666667
"2020/5/23",44055,yes,yes,69.2,59,73.4,49.8,976.8,10,3.3,9.9,0,0,0,0,0,0,71.3,73.82,73.96,72.86666667,79.4,81.68,81.14,79.52,59.6,61.88,62.06,62.48,49.83333333,48.32,49.16,50.66
"2020/5/24",44988,yes,yes,72.3,59,82.4,52,977.8,10,4.5,7,0,0,0,0,0,0,73.23333333,74.9,74.4,72.33333333,80.6,83.12,81.86,79.16,61.4,63.32,62.6,61.64,51.56666667,50.46,50.59,50.76666667
"2020/5/25",46018,yes,yes,78.2,66.2,86,52.9,976.8,10,4.1,7,0,0,0,0,0,0,77.63333333,76.48,74.48,72.70666667,86.6,83.84,81.86,79.76,65.6,64.4,63.14,62,51.6,52,51.28,50.57333333
"2020/5/26",47822,yes,yes,82.4,71.6,91.4,49.9,976.8,10,1.8,9.9,0,0,0,0,0,0,80.3,77.94,73.83,73.54666667,87.8,86,81.14,80.6,68,64.76,62.6,62.6,52.73333333,53.38,52.65,50.14
"2020/5/27",48700,yes,yes,80.3,66.2,86,55.4,977,10,1.9,7,0,0,0,0,0,0,79.73333333,77.12,74.4,75.08666667,87.2,84.56,81.5,82.64,66.2,65.12,63.32,63.8,54,54.4,52.8,50.51333333
"2020/5/28",49774,yes,yes,76.5,60.8,84.2,56.7,978.1,8.8,0.7,4.1,0,0,0,0,0,0,75,75.14,75.33,75.76666667,81.8,82.04,82.76,84.32,62.6,64.4,64.22,63.92,56.4,54.24,52.74,51.19333333
"2020/5/29",51562,yes,yes,68.2,60.8,75.2,57.1,979.9,8.4,1.9,8,0,0,0,0,0,0,71,72.76,76.79,74.98,77.6,79.16,84.38,83.6,61.4,61.88,65.66,63.56,55.3,54.84,52.38,52.26666667
"2020/5/30",53651,yes,yes,68.3,62.6,73.4,52.1,979.7,10,0.8,6,0,0,0,0,0,0,69,72.32,76.74,74.51333333,75.2,79.16,85.64,82.64,60.8,62.24,64.94,63.68,54.03333333,53.6,52.63,52.57333333
"2020/5/31",54996,yes,yes,70.5,59,77,52.9,978.6,10,4,7,0,0,0,0,0,0,72.3,72.72,75.02,74.54666667,78.8,79.52,83.84,82.88,63.2,63.68,63.68,63.92,51.4,52.1,53.17,51.73333333
"2020/6/1",55968,yes,yes,78.1,68,86,49.2,978.3,10,2.9,8.9,0,0,0,0,0,0,75.7,76.46,73.53,74.83333333,83,84.2,82.04,83.12,65,66.2,63.32,64.4,50.43333333,50.36,52.86,49.41333333
"2020/6/2",57118,yes,yes,78.5,68,86,49.2,978.5,10,4.9,8.9,0,0,0,0,0,0,81.16666667,78.34,72.85,75.36,90.2,89.24,81.32,83.6,69.8,65.48,63.5,64.88,48.93333333,51.02,50.91,47.04
"2020/6/3",58234,yes,yes,86.9,73.4,98.6,48.4,977.3,10,3.3,8,0,0,0,0,0,0,81.03333333,77.28,73.69,75.78,94.4,88.52,82.4,83.84,66.8,65.48,64.04,65,51,51.5,46.92,45.20666667
"2020/6/4",59650,yes,yes,77.7,59,98.6,55.4,975.4,9.2,2,8,0,0,0,0,0,0,76.6,74.74,75.47,76.30666667,90.2,84.92,84.38,84.44,63.8,64.4,65.12,65.6,53.03333333,52.12,43.44,43.64666667
"2020/6/5",61045,yes,yes,65.2,59,73.4,55.3,975.9,9.6,2.7,7,0,0,0,0,0,0,69.43333333,72.98,77.29,76.28666667,80,83.12,86.18,84.68,60.2,63.32,66.56,65.72,54.33333333,49.72,40.39,42.89333333
"2020/6/6",62338,yes,yes,65.4,62.6,68,52.3,977.2,10,2.6,8,0,0,0,0,0,0,66.76666667,70.92,78.3,76.56666667,72.8,80.6,87.08,84.8,61.4,61.88,67.28,65.72,48.26666667,43.48,38.67,42.34666667
"2020/6/7",63844,yes,yes,69.7,62.6,77,37.2,978.1,10,8.8,14,0,0,0,0,0,0,70.56666667,72.6,78.07,76.8,77,79.52,87.26,85.04,63.8,64.76,66.74,65.72,35.56666667,35.86,38.29,42.17333333
"2020/6/8",64644,yes,yes,76.6,66.2,86,17.2,980.3,10,13.9,17.1,0,0,0,0,0,0,77.46666667,77.3,76.62,77.1,85.4,83.84,85.1,85.28,67.4,67.64,65.48,66.08,23.9,29.28,38.34,42.20666667
"2020/6/9",65822,yes,yes,86.1,73.4,93.2,17.3,981.4,10,5.9,17.1,0,0,0,0,0,0,83.8,81.86,76.03,76.58666667,91.4,89.24,82.94,84.68,71,70.16,65.84,65.72,18.96666667,25.22,37.75,42.66
"2020/6/10",67064,yes,yes,88.7,73.4,95,22.4,979.2,10,4.1,9.9,0,0,0,0,0,0,87.66666667,83.16,77.01,76.00666667,94.4,91.4,83.66,83.84,74,70.16,66.38,65.48,23.9,26.86,37.56,43.04666667
"2020/6/11",68875,yes,yes,88.2,75.2,95,32,979.7,10,3.7,9.9,0,0,0,0,0,0,84.36666667,82.32,77.51,74.68666667,92.6,89.6,84.56,82.04,70.4,69.08,66.38,64.52,33.26666667,33.2,37.93,43.54666667
"2020/6/12",70476,yes,yes,76.2,62.6,87.8,45.4,981.2,10,4.6,9.9,0,0,0,0,0,0,78.93333333,79.46,77.52,74.16,86.6,86.36,84.2,80.6,66.2,66.92,66.56,64.64,42.1,39.64,39.71,43.52666667
"2020/6/13",72023,yes,yes,72.4,60.8,77,48.9,979,10,3,9.9,0,0,0,0,0,0,73.46666667,76.72,76.57,74.25333333,80.6,83.48,82.76,80.84,62,65.12,65.84,64.64,47.93333333,45.84,43.58,43.54666667
"2020/6/14",73018,yes,yes,71.8,62.6,77,49.5,977.5,10,5.8,8.9,0,0,0,0,0,0,73.06666667,73.16,74.94,74.59333333,78.2,79.88,81.14,81.56,62.6,62.6,64.58,64.52,50.6,50.64,47.36,43.86
"2020/6/15",73791,yes,yes,75,64.4,80.6,53.4,978.1,10,5.4,8.9,0,0,0,0,0,0,72.4,71.88,72.73,74.74666667,78.2,77,79.34,81.8,63.2,62.96,63.14,64.4,52.96666667,52.56,50.68,45.23333333
"2020/6/16",75084,yes,yes,70.4,62.6,77,56,978.4,9.8,4.6,8,0,0,0,0,0,0,71.73333333,70.82,70.96,74.71333333,77,75.92,77.72,81.68,63.8,62.6,61.7,64.16,54.8,53.96,53.18,47.99333333
"2020/6/17",77189,yes,yes,69.8,64.4,73.4,55,978.4,10,4.8,8.9,0,0,0,0,0,0,69.1,70.42,70.54,74.05333333,74,75.92,77,81.08,62,62.24,61.52,63.44,55.63333333,55.08,54.42,50.73333333
"2020/6/18",78227,yes,yes,67.1,59,71.6,55.9,978.5,9.3,0.8,5.1,0,0,0,0,0,0,68.9,68.74,70.91,72.97333333,74,75.2,77.72,80.12,61.4,61.16,61.7,62.84,55.33333333,55.52,55.39,53.07333333
"2020/6/19",79609,yes,yes,69.8,60.8,77,55.1,978.1,9.3,3.4,9.9,0,0,0,0,0,0,67.83333333,68.76,71.35,72.17333333,75.2,75.56,78.44,79.52,59.6,60.8,61.7,61.88,55.53333333,55.72,56.28,54.62666667
"2020/6/20",81636,yes,yes,66.6,59,77,55.6,980.1,9.1,3,6,0,0,0,0,0,0,68.96666667,69.2,71.1,72.10666667,77.6,77,78.44,79.04,60.2,60.08,61.7,61.88,55.9,56.28,56.69,55.36
"2020/6/21",83397,yes,yes,70.5,60.8,78.8,57,979.2,9.6,2.4,11.1,0,0,0,0,0,0,69.7,71,71.68,71.8,78.8,79.52,79.34,78.8,60.2,60.8,61.52,62,56.8,56.82,56.62,55.9
"2020/6/22",85942,yes,yes,72,60.8,80.6,57.8,979.2,8.2,3,6,0,0,0,0,0,0,72.86666667,72.28,72.22,71.69333333,81.2,80.96,80.06,78.68,61.4,61.16,61.34,62,57.8,57.48,56.76,56.18666667
"2020/6/23",88262,yes,yes,76.1,62.6,84.2,58.6,978.2,8.4,4.5,7,0,0,0,0,0,0,74.76666667,73.46,72.29,71.44,83,81.68,80.24,78.56,62,62.24,61.7,61.88,58.26666667,57.86,56.87,56.2
"2020/6/24",89490,yes,yes,76.2,62.6,84.2,58.4,975.4,8.9,3.3,8.9,0,0,0,0,0,0,74.93333333,74.6,72.33,71.38,83,83.12,80.06,78.56,63.2,62.24,61.88,61.76,58.16666667,57.52,56.74,56.18666667
"2020/6/25",91467,yes,yes,72.5,64.4,80.6,57.5,975.6,7.6,0.5,6,0,0,0,0,0,0,74.96666667,75.24,72.79,71.54666667,83.6,83.12,80.24,79.16,62.6,62.6,62.24,61.64,57.06666667,57.24,56.54,56.16
"2020/6/26",93232,yes,yes,76.2,60.8,86,55.3,976.7,9.2,3,8,0,0,0,0,0,0,74.63333333,73.58,72.69,72.38,82.4,80.96,80.06,80.24,62.6,62.6,62.24,62.24,56.4,56.92,56.42,55.42
"2020/6/27",95371,yes,yes,75.2,62.6,80.6,56.4,976.9,8.5,3,8,0,0,0,0,0,0,73.06666667,72.38,72.72,73.35333333,80,79.16,80.24,81.32,62,62.6,62.42,62.96,56.23333333,56,56.1,54.66666667
"2020/6/28",97894,yes,yes,67.8,62.6,73.4,57,975.6,9,6.5,8,0,0,0,0,0,0,71.06666667,72.12,73.07,74.72,76.4,78.8,80.6,82.4,62.6,62.24,62.96,63.8,55.73333333,55.22,54.72,53.82666667
"2020/6/29",100772,yes,yes,70.2,62.6,75.2,53.8,975.5,10,7.7,11.1,0,0,0,0,0,0,69.73333333,70.78,73.89,75.78666667,75.8,77,81.5,83.24,62.6,62.24,63.86,64.88,54.8,55.32,53.26,53.12
"2020/6/30",103529,yes,yes,71.2,62.6,78.8,53.6,977.7,10,4.3,8,0,0,0,0,0,0,70.3,70.2,75.35,76.57333333,77,77.36,82.76,83.84,62,62.24,64.58,65.48,54.4,54.96,51.81,52.64666667
"2020/7/1",105507,yes,yes,69.5,60.8,77,55.8,977.4,10,3.8,8.9,0,0,0,0,0,0,71,72.56,76.38,76.72666667,79.4,80.24,83.3,83.96,62,63.32,66.2,65.72,54.66666667,52.52,50.92,52.38
"2020/7/2",107667,yes,yes,72.3,62.6,82.4,54.6,977.9,10,0.8,5.1,0,0,0,0,0,0,73.8,75.4,77.24,76.98666667,82.4,83.84,84.2,84.08,63.8,65.12,66.92,66.2,51.73333333,50.52,50.35,52.13333333
"2020/7/3",110310,yes,yes,79.6,68,87.8,44.8,979.8,10,2.6,7,0,0,0,0,0,0,78.76666667,78.58,78.3,77.69333333,87.8,86.72,85.46,85.04,67.4,66.92,67.28,66.44,47.73333333,48.4,50.11,51.46666667
"2020/7/4",113497,yes,yes,84.4,71.6,93.2,43.8,980,10,2.4,8.9,0,0,0,0,0,0,83.7,81.98,79.29,78.72,91.4,89.6,86.54,86,70.4,70.16,68,67.4,43.86666667,46.52,50.2,50.27333333
"2020/7/5",114993,yes,yes,87.1,71.6,93.2,43,978,9.8,4.5,8.9,0,0,0,0,0,0,86,84.28,80.48,79.72666667,92.6,91.04,88.16,87.2,73.4,71.6,68.54,68.24,44.4,45.74,49.59,49.53333333
"2020/7/6",116570,yes,yes,86.5,77,91.4,46.4,977,10,5.7,9.9,0,0,0,0,0,0,85.8,84.04,82.69,80.76,91.4,90.68,90.5,88.4,72.8,71.24,69.98,68.84,46.7,47.7,47.75,49.46
"2020/7/7",120539,yes,yes,83.8,69.8,89.6,50.7,976.5,10,5.2,8.9,0,0,0,0,0,0,82.9,83.18,84.49,81.25333333,89,89.24,92.12,89,71,70.88,71.24,69.08,50.56666667,49.88,46.82,49.72666667
"2020/7/8",123004,yes,yes,78.4,66.2,86,54.6,976.3,10,4.4,8,0,0,0,0,0,0,80.76666667,82.38,84.86,81.48,87.2,89.6,92.48,89.24,68.6,70.16,71.6,69.08,53.33333333,50.78,47.93,49.94
"2020/7/9",124738,yes,yes,80.1,69.8,86,54.7,976.7,9.7,4.5,8.9,0,0,0,0,0,0,80.53333333,83.4,84.18,81.83333333,89,91.4,91.58,89.6,68,69.8,71.06,69.08,52.26666667,48.98,49.33,49.96666667
"2020/7/10",127358,yes,yes,83.1,68,95,47.5,979.2,10,1.4,6,0,0,0,0,0,0,84.93333333,84.7,82.93,82.16,93.8,93.2,90.5,89.72,71,70.88,70.16,69.2,46.53333333,47.9,50.71,50.08666667
"2020/7/11",130242,yes,yes,91.6,75.2,100.4,37.4,979.9,10,2.8,8,0,0,0,0,0,0,88.33333333,85.68,81.76,82.10666667,98,94.28,89.6,89.72,72.8,71.96,68.54,69.08,43.4,48.16,51.69,50.7
"2020/7/12",133549,yes,yes,90.3,75.2,98.6,45.3,977.5,10,4.2,8.9,0,0,0,0,0,0,88.4,85.18,81.1,81.9,96.8,93.92,89.06,89.48,74,71.24,68,68.72,46.2,48.78,52.26,51.32
"2020/7/13",136129,yes,yes,83.3,71.6,91.4,55.9,977.3,10,5.6,9.9,0,0,0,0,0,0,83.73333333,83.48,81.14,81.34,91.4,91.4,89.24,88.88,71,70.16,68,68.24,53,50.64,52.2,52.18
"2020/7/14",140307,yes,yes,77.6,66.2,84.2,57.8,978.7,9.8,5.8,9.9,0,0,0,0,0,0,78.5,80.12,81.26,80.77333333,86,87.8,89.6,88.52,66.8,67.28,67.64,67.52,56.83333333,54.4,52.04,52.8
"2020/7/15",143009,yes,yes,74.6,62.6,82.4,56.8,978.6,10,4.5,9.9,0,0,0,0,0,0,75.66666667,77.5,80.82,80.05333333,83,84.92,88.52,87.92,63.2,65.12,67.28,67.04,56.93333333,56.62,52.88,53.23333333
"2020/7/16",147468,yes,yes,74.8,60.8,82.4,56.2,978,9.4,1.5,9.9,0,0,0,0,0,0,75.53333333,76.6,79.46,79.52666667,83,84.2,87.08,87.32,62.6,64.04,66.38,66.56,56.46666667,56.24,54.71,53.29333333
"2020/7/17",150319,yes,yes,77.2,64.4,84.2,56.4,979,10,2.6,7,0,0,0,0,0,0,76.93333333,77.34,77.73,79.08666667,84.8,85.28,85.28,86.96,63.8,64.04,65.12,65.84,55.53333333,55.3,55.9,53.35333333
"2020/7/18",153041,yes,yes,78.8,66.2,87.8,54,979.7,10,2.7,7,0,0,0,0,0,0,79.1,78.16,76.45,78.56,87.2,85.64,83.84,86.24,65.6,64.4,63.86,65.48,54.5,55.12,55.86,53.87333333
"2020/7/19",155887,yes,yes,81.3,66.2,89.6,53.1,979.1,10,5,8,0,0,0,0,0,0,79.6,78.8,76.04,77.91333333,87.2,86.36,83.48,85.52,65.6,65.48,63.14,65,54.33333333,55.02,55.64,54.77333333
"2020/7/20",159045,yes,yes,78.7,64.4,84.2,55.9,978.2,10,4.2,8,0,0,0,0,0,0,79.33333333,77.96,76.1,77.32,86.6,85.64,83.66,84.8,65.6,65.12,63.14,64.52,54.9,55.18,55.49,55.26666667
"2020/7/21",161673,yes,yes,78,66.2,86,55.7,976.2,10,5.5,8.9,0,0,0,0,0,0,76.56666667,76.3,76.81,77,83.6,83.48,84.38,84.44,64.4,63.68,63.86,64.16,56.26666667,55.48,54.96,55.16666667
"2020/7/22",164870,yes,yes,73,62.6,80.6,57.2,976.2,10,5,9.9,0,0,0,0,0,0,73.83333333,74.74,77.23,77.15333333,81.2,81.68,84.74,84.68,62.6,62.24,64.22,64.16,56.13333333,55.98,54.59,54.89333333
"2020/7/23",166848,yes,yes,70.5,59,77,55.5,977.4,8.4,1.2,7,0,0,0,0,0,0,72.33333333,74.04,77.2,77.89333333,79.4,81.68,84.56,85.76,60.2,61.88,64.22,64.4,56.1,55.86,54.63,54.46
"2020/7/24",168757,yes,yes,73.5,59,80.6,55.6,977.9,9.7,2,7,0,0,0,0,0,0,73.06666667,74.82,77.06,79.08,80.6,82.4,84.38,86.84,60.2,62.24,64.22,65.72,55.46666667,54.9,54.69,53.48666667
"2020/7/25",172325,yes,yes,75.2,62.6,84.2,55.3,977.8,10,2.9,9.9,0,0,0,0,0,0,76.86666667,76.5,77.76,80.02666667,84.8,83.84,85.82,87.8,63.2,63.32,64.4,67.04,53.93333333,54,54.13,52.76
"2020/7/26",173995,yes,yes,81.9,68,89.6,50.9,978.1,10,5.2,8.9,0,0,0,0,0,0,79.5,78.1,79.22,80.44666667,87.2,85.64,87.08,88.04,66.2,64.76,65.84,67.52,52.96666667,53.78,52.72,52.69333333
"2020/7/27",176028,yes,yes,81.4,68,87.8,52.7,977.5,10,4.9,7,0,0,0,0,0,0,80.6,79.38,81.06,80.62,87.8,87.08,88.88,88.04,67.4,66.2,68,68.12,52.66666667,53.4,51.55,53.08666667
"2020/7/28",178642,yes,yes,78.5,66.2,86,54.4,977,10,5.1,8,0,0,0,0,0,0,79.93333333,81.48,82.52,80.56,87.2,89.96,90.32,88.04,66.8,66.92,69.44,68.36,53.6,52.4,51.3,53.34
"2020/7/29",183383,yes,yes,79.9,66.2,87.8,53.7,977.1,10,3.2,8,0,0,0,0,0,0,81.36666667,83.62,83.56,80.21333333,90.8,91.76,91.22,87.56,66.2,69.44,71.06,68.24,52.8,50.54,51.64,53.54
"2020/7/30",185872,yes,yes,85.7,66.2,98.6,50.3,977.4,10,0.6,4.1,0,0,0,0,0,0,86.06666667,85.62,83.82,80.12,95,93.92,91.22,87.44,71,72.68,71.6,68.36,48.53333333,49.1,52.08,53.5
"2020/7/31",188481,yes,yes,92.6,80.6,98.6,41.6,978.4,10,2.6,9.9,0,0,0,0,0,0,89.9,86.94,82.91,80.44,98.6,95,90.14,87.8,77,74.12,71.24,68.6,45.8,48.82,52.86,53.41333333
"2020/8/1",190693,yes,yes,91.4,84.2,98.6,45.5,978.4,10,3.4,11.1,0,0,0,0,0,0,89.7,87.74,81.93,80.74666667,96.2,95.36,89.24,88.16,79.4,75.92,70.88,69.08,46.7,49.88,53.25,53.09333333
"2020/8/2",192167,yes,yes,85.1,73.4,91.4,53,979.4,10,5.6,8.9,0,0,0,0,0,0,86.8,86.16,81.61,81.10666667,93.2,92.48,88.88,88.4,77.6,76.28,70.52,69.32,52.5,51.76,53.23,52.87333333
"2020/8/3",193788,yes,yes,83.9,75.2,89.6,59,978.8,9.8,6.5,11.1,0,0,0,0,0,0,82.26666667,82.2,81.43,80.92666667,88.4,88.52,88.7,88.28,72.2,73.04,70.52,69.08,57.23333333,55.18,52.94,52.88666667
"2020/8/4",195614,yes,yes,77.8,68,84.2,59.7,979,8.5,5.8,8.9,0,0,0,0,0,0,78.16666667,78.24,80.92,80.87333333,84.2,84.56,87.62,88.4,69.2,69.08,70.52,69.08,59.13333333,57.4,53.11,52.50666667
"2020/8/5",197912,yes,yes,72.8,64.4,78.8,58.7,978.5,9.7,3.6,8.9,0,0,0,0,0,0,74.06666667,76.28,79.58,81.45333333,80.6,82.76,86.54,89,65.6,66.92,68.9,69.56,58.33333333,57.64,54.06,51.52
"2020/8/6",201106,yes,yes,71.6,64.4,78.8,56.6,977.9,10,2.3,8,0,0,0,0,0,0,73.23333333,75.12,78.5,82.07333333,80,82.04,85.64,89.72,63.8,65.12,67.28,70.04,56.5,56,54.21,50.67333333
"2020/8/7",204167,yes,yes,75.3,62.6,82.4,54.2,978,9.7,2.9,9.9,0,0,0,0,0,0,75,75.68,78.71,82.55333333,82.4,82.76,86,89.84,64.4,64.76,67.28,70.88,53.86666667,54.46,52.87,50.63333333
"2020/8/8",206761,yes,yes,78.1,66.2,86,50.8,979.4,10,4.4,8,0,0,0,0,0,0,78,76.96,79.24,82.87333333,85.4,84.56,86.9,90.2,65,64.76,67.1,71,52.33333333,52.94,51.07,51.53333333
"2020/8/9",208528,yes,yes,80.6,66.2,87.8,52,978.9,10,5.3,8,0,0,0,0,0,0,79.3,78.76,80.75,82.7,87.2,86.72,88.52,90.32,65.6,65.48,68.18,70.4,51.3,51.02,50.07,52.34666667
"2020/8/10",210424,yes,yes,79.2,64.4,87.8,51.1,978.3,10,4.3,8,0,0,0,0,0,0,80.13333333,81.14,83.21,82.99333333,88.4,89.24,91.04,90.8,66.2,67.64,69.98,70.64,50.03333333,48.1,49.71,52.84
"2020/8/11",211808,yes,yes,80.6,68,89.6,47,977.8,10,4,8.9,0,0,0,0,0,0,82.33333333,83.36,84.93,83.87333333,90.8,91.76,93.2,92,68.6,69.08,71.06,71.12,45.9,46.14,49.82,52.78
"2020/8/12",214197,yes,yes,87.2,73.4,95,39.6,977,10,1.9,8.9,0,0,0,0,0,0,85.66666667,85.82,86.35,84.85333333,94.4,94.28,94.82,93.08,71.6,71.6,72.5,71.96,42.53333333,45.68,50.44,52.9
"2020/8/13",216139,yes,yes,89.2,73.4,98.6,41,977,10,1.3,6,0,0,0,0,0,0,89.76666667,89.46,88.25,86.21333333,98,97.52,96.98,94.52,75.2,75.2,74.12,73.28,43.43333333,46.48,51.17,52.84666667
"2020/8/14",218693,yes,yes,92.9,78.8,100.4,49.7,977,10,2.8,7,0,0,0,0,0,0,93.16666667,91.1,89.44,87.32,101,99.68,98.24,95.84,78.2,76.64,75.56,74.12,48.6,48.62,52.12,53.17333333
"2020/8/15",220762,yes,yes,97.4,82.4,104,55.1,975.4,10,2.4,7,0,0,0,0,0,0,93.03333333,91.56,90.84,88.15333333,101.6,100.4,99.5,96.56,78.8,77.36,77.54,75.32,54.16666667,52.78,52.8,53.49333333
"2020/8/16",221950,yes,yes,88.8,75.2,100.4,57.7,977.3,10,1.9,7,0,0,0,0,0,0,91.9,93.14,91.6,88.62666667,101,102.2,100.4,96.92,78.2,79.16,78.44,75.92,57.73333333,56.2,54.25,54.23333333
"2020/8/17",223131,yes,yes,89.5,77,98.6,60.4,977.8,10,3.6,7,0,0,0,0,0,0,91.8,93.06,91.66,88.96666667,102.2,102.2,100.22,97.16,78.2,79.52,79.16,76.4,58.73333333,58.56,56.19,54.98666667
"2020/8/18",224031,yes,yes,97.1,82.4,107.6,58.1,977.1,10,4.6,8,0,0,0,0,0,0,93.03333333,92.22,91.26,89.49333333,102.2,101.48,99.5,97.64,80,79.88,79.34,77,60,59.12,58.28,55.51333333
"2020/8/19",225827,yes,yes,92.5,80.6,100.4,61.5,975.4,10,4,11.1,0,0,0,0,0,0,94.26666667,92.1,90.54,90.01333333,102.8,101.12,98.6,98,82.4,80.24,78.8,77.36,59.16666667,59.88,59.64,56.18666667
"2020/8/20",227346,yes,yes,93.2,84.2,100.4,57.9,972.9,9.7,0.4,4.1,0,0,0,0,0,0,91.3,91.76,89.51,90.15333333,99.8,100.04,97.7,98.24,80.6,80.96,77.9,77.48,60.3,59.6,60.03,57.25333333
"2020/8/21",229054,yes,yes,88.2,77,98.6,61.5,974.5,9.6,3.7,11.1,0,0,0,0,0,0,89.73333333,89.38,89.47,89.87333333,97.4,96.8,97.16,97.88,80.6,79.52,77.72,77.24,59.46666667,60.36,59.97,58.01333333
"2020/8/22",230662,yes,yes,87.8,80.6,93.2,59,976.4,10,2.1,8,0,0,0,0,0,0,87.06666667,88.02,89.45,88.94,94.4,95,97.16,96.92,77.6,78.08,77.54,76.28,60.8,60.72,59.49,58.04
"2020/8/23",231695,yes,yes,85.2,75.2,91.4,61.9,976.8,10,2.5,7,0,0,0,0,0,0,86.23333333,86.8,88.24,87.56666667,92,93.92,95.72,95.6,76.4,75.92,76.28,74.72,61.4,60.94,58.92,58.07333333
"2020/8/24",232893,yes,yes,85.7,73.4,91.4,63.3,975.8,10,4.2,8,0,0,0,0,0,0,86,86.84,86.88,86.64,92.6,93.2,94.28,94.4,74,75.2,74.66,73.64,61.4,60.06,57.78,58
"2020/8/25",233777,yes,yes,87.1,73.4,95,59,975.2,10,1.7,7,0,0,0,0,0,0,87.06666667,87.14,85.24,85.6,93.8,94.28,92.66,93.32,73.4,74.12,72.14,72.44,59.8,59.38,57.55,57.71333333
"2020/8/26",235386,yes,yes,88.4,73.4,95,57.1,973.2,10,3.2,9.9,0,0,0,0,0,0,88.26666667,87.1,83.91,84.26666667,96.2,94.64,91.04,91.88,74,73.04,70.34,71.24,57.23333333,57.48,57.06,57.61333333
"2020/8/27",236986,yes,yes,89.3,75.2,98.6,55.6,972.4,10,1.4,6,0,0,0,0,0,0,87.56666667,85.74,82.52,83.47333333,95.6,93.56,89.96,91.16,72.8,71.24,68.18,70.28,55.03333333,54.84,56.77,57.34
"2020/8/28",238458,yes,yes,85,69.8,93.2,52.4,973.9,10,2.1,5.1,0,0,0,0,0,0,84.4,83.68,81.71,83.08666667,92.6,91.4,89.42,91.16,69.8,68.36,67.1,69.44,52.7,54.16,56.24,57.26666667
"2020/8/29",239756,yes,yes,78.9,64.4,86,50.1,975.9,10,3.9,9.9,0,0,0,0,0,0,80.23333333,80.98,81.2,83.72666667,87.8,88.88,89.24,92,64.4,65.48,66.38,69.8,52.7,54.06,55.65,56.32666667
"2020/8/30",240749,yes,yes,76.8,59,84.2,55.6,976,9.6,4.7,7,0,0,0,0,0,0,76.86666667,77.9,81.23,85.1,84.2,85.64,89.78,93.32,60.8,62.24,66.2,71,54.1,54.16,55.43,55.34
"2020/8/31",241768,yes,yes,74.9,59,82.4,56.6,975.7,8.9,3.8,8,0,0,0,0,0,0,75.2,76.32,82.17,85.44,83,84.2,91.4,94.4,59,61.16,67.1,71.36,56.1,55,54.46,54.78666667
"2020/9/1",242521,yes,yes,73.9,59,82.4,56.1,979.1,9.6,3.4,8,0,0,0,0,0,0,75.3,76.66,84.08,84.75333333,83.6,84.92,92.84,94.04,60.8,61.52,69.44,71,56.43333333,56.46,53.32,54.81333333
"2020/9/2",243935,yes,yes,77.1,64.4,86,56.6,979.6,10,3.3,8,0,0,0,0,0,0,77.2,78.78,84.61,84.28,86,88.16,94.28,93.56,63.2,64.04,70.52,70.64,56.7,56.7,53.44,54.07333333
"2020/9/3",244999,yes,yes,80.6,66.2,89.6,57.4,977.9,10,0,9,0,0,0,0,0,0,81.7,83.36,84.26,83.68,92,93.92,94.28,92.84,67.4,68.72,70.88,70.28,56.93333333,54.86,54.8,52.56666667
"2020/9/4",246407,yes,yes,87.4,71.6,100.4,56.8,977.2,10,2.8,15,0,0,0,0,0,0,88.6,90.26,84.58,83.02,100.4,100.04,94.64,92.12,73.4,76.64,71.78,69.68,53.86666667,52.48,54.03,51.01333333
"2020/9/5",247542,yes,yes,97.8,82.4,111.2,47.4,978.2,10,1.3,8,0,0,0,0,0,0,97.86666667,92.9,85.03,82.75333333,108.2,104.36,94.82,91.76,84.2,79.88,72.68,69.44,49.46666667,51.88,51.82,49.82666667
"2020/9/6",248334,yes,yes,108.4,98.6,113,44.2,976.5,10,4.2,8,0,0,0,0,0,0,98.83333333,91.86,85.58,82.85333333,110.6,103.64,95.36,92.12,87.2,80.24,73.4,69.56,48.4,53.14,49.44,49.08666667
"2020/9/7",248821,yes,yes,90.3,80.6,107.6,53.6,974,9.4,4.9,7,0,0,0,0,0,0,91.36666667,90.38,85.97,83.29333333,102.2,101.12,95.54,92.6,82.4,79.52,73.58,70.16,53.83333333,51.36,47.24,48.49333333
"2020/9/8",249241,yes,yes,75.4,68,86,63.7,971.9,10,2.4,6,0,0,0,0,0,0,81.9,86.7,85.95,84.01333333,93.8,95.72,95.72,93.2,72.2,76.64,73.58,71,55.06666667,48.78,45.4,47.40666667
"2020/9/9",249859,yes,yes,80,68,87.8,47.9,974.7,10,3.1,8,0,0,0,0,0,0,78.26666667,80.9,85.55,84.96666667,86,90.68,94.82,94.16,68,70.16,73.22,71.84,48.7,46.4,44.39,45.96
"2020/9/10",251024,yes,yes,79.4,68,84.2,34.5,980,7.2,0.3,4.1,0,0,0,0,0,0,79.6,79.04,84.34,85.57333333,86.6,86.72,92.84,94.64,67.4,67.28,72.14,72.32,38.23333333,42.6,43.68,43.84
"2020/9/11",252066,yes,yes,79.4,66.2,87.8,32.3,980.1,5.6,0.4,5.1,0,0,0,0,0,0,79.93333333,80.04,82.32,86.14666667,86.6,87.8,91.22,95.12,66.8,66.92,69.44,72.8,33.8,37.66,42.7,41.85333333
"2020/9/12",253176,yes,yes,81,66.2,87.8,34.6,977.9,3.7,0,6.1,0,0,0,0,0,0,80.26666667,80.72,81.91,85.94666667,89,88.52,89.78,94.64,66.2,66.92,68.54,72.8,35.3,37.42,39.82,41.05333333
"2020/9/13",253985,yes,yes,80.4,66.2,91.4,39,977.4,4.4,0,7.1,0,0,0,0,0,0,81.6,81.98,83.29,84.69333333,90.2,89.96,90.86,92.96,66.8,67.64,69.08,71.6,40.1,38.58,36.21,40.92666667
"2020/9/14",254656,yes,yes,83.4,68,91.4,46.7,978.8,4.8,1.9,7,0,0,0,0,0,0,83.16666667,83.74,83.73,82.5,91.4,91.76,91.4,91.16,68.6,68.72,69.44,69.08,42,39,35.9,41.73333333
"2020/9/15",255049,yes,yes,85.7,71.6,91.4,40.3,981,5.3,1.8,7,0,0,0,0,0,0,85.76666667,84.78,83.69,81.74,93.2,92.84,91.58,89.96,70.4,69.8,69.08,67.88,40.46666667,37.04,37,41.38
"2020/9/16",256148,yes,yes,88.2,71.6,96.8,34.4,980,7.9,3.6,9.9,0,0,0,0,0,0,86.7,86.54,83.3,82.14,93.8,93.92,91.4,90.2,71.6,71.24,68.54,67.88,33.16666667,34.76,39.4,40.22
"2020/9/17",257271,yes,yes,86.2,71.6,93.2,24.8,978.9,6.9,2,6,0,0,0,0,0,0,87.86666667,86.74,83.09,82.27333333,95.6,94.28,91.58,90.2,72.2,71.96,68.18,67.88,28.93333333,34.38,40.77,40.23333333
"2020/9/18",258516,yes,yes,89.2,73.4,96.8,27.6,976.9,8.7,3.3,8,0,0,0,0,0,0,86.6,85.4,83.19,82.22666667,94.4,93.2,91.4,90.2,72.2,70.52,68.36,67.64,32.4,35.42,41.5,41.29333333
"2020/9/19",259817,yes,yes,84.4,71.6,93.2,44.8,976.3,7.6,4.9,9.9,0,0,0,0,0,0,84.2,82.86,83.05,81.94666667,92,91.04,91.04,89.84,69.8,68.36,68.36,67.4,39.3,39.8,41.64,42.88666667
"2020/9/20",260797,yes,yes,79,64.4,86,45.5,976.8,10,4.7,9.9,0,0,0,0,0,0,79.63333333,81.4,82.35,81.61333333,88.4,90.32,90.32,89.72,65.6,66.56,67.64,67.16,48.86666667,44.5,42.65,44.55333333
"2020/9/21",261446,yes,yes,75.5,60.8,86,56.3,978.3,7,4,7,0,0,0,0,0,0,77.8,79.84,81.05,81.61333333,87.2,88.88,88.88,90.2,62.6,65.48,66.74,67.04,50.03333333,48.24,44.83,45.68
"2020/9/22",262133,yes,yes,78.9,62.6,89.6,48.3,980.1,9.5,4.2,8.9,0,0,0,0,0,0,78.6,79.36,80.03,81.98,88.4,87.8,88.16,90.92,63.8,64.76,65.84,67.04,50.3,48.9,48.31,45.43333333
"2020/9/23",263333,yes,yes,81.4,68,89.6,46.3,980.9,10,2.7,7,0,0,0,0,0,0,80.76666667,79.3,79.15,82.7,89,87.44,88.34,91.76,66.2,64.76,64.94,67.76,47.56666667,49.88,51.14,45.04
"2020/9/24",264414,yes,yes,82,68,87.8,48.1,978.5,9.8,1.2,8,0,0,0,0,0,0,80.7,79.24,79.6,82.66,87.2,86.72,89.24,91.64,66.8,65.12,64.58,67.64,48.26666667,49.86,50.96,45.54666667
"2020/9/25",265775,yes,yes,78.7,64.4,84.2,50.4,978.2,10,1.7,6,0,0,0,0,0,0,78.63333333,78.66,81.35,82.68,84.8,86,91.04,91.64,65,65.12,66.38,67.64,51.56666667,52.12,49.85,46.49333333
"2020/9/26",266988,yes,yes,75.2,62.6,82.4,56.2,978.3,7.5,1.6,5.1,0,0,0,0,0,0,76.63333333,78.46,82.56,82.53333333,84.2,87.8,91.94,91.4,63.2,64.4,67.28,67.4,55.4,54.04,48.42,46.87333333
"2020/9/27",267801,yes,yes,76,62.6,86,59.6,976.7,8.2,3.8,7,0,0,0,0,0,0,77.2,79.84,83.32,82.51333333,89,90.68,92.3,91.4,63.2,64.4,68.18,67.16,57.23333333,53.02,47.49,46.26
"2020/9/28",268455,yes,yes,80.4,64.4,98.6,55.9,977.5,9.8,3.7,8,0,0,0,0,0,0,81.76666667,83.4,83.88,82.6,95.6,94.64,92.66,91.28,65,68,68.36,67.4,52.83333333,49.82,46.19,46.14
"2020/9/29",269284,yes,yes,88.9,68,102.2,43,979.2,10,2.8,9.9,0,0,0,0,0,0,88.6,85.88,84.09,82.23333333,101.6,97.16,93.2,90.68,71.6,69.44,68.36,67.52,44.43333333,46.98,44.94,46.03333333
"2020/9/30",270299,yes,yes,96.5,82.4,104,34.4,979,10,5.6,15,0,0,0,0,0,0,91,87.98,84.25,81.56666667,100.4,98.6,93.2,89.6,73.4,71.24,68.72,67.52,39.8,42.86,44.27,46.54
"2020/10/1",271371,yes,yes,96.5,82.4,104,34.4,979,10,5.6,15,0,0,0,0,0,0,91,87.98,84.25,81.56666667,100.4,98.6,93.2,89.6,73.4,71.24,68.72,67.52,39.8,42.86,44.27,46.54
"2020/10/2",272653,yes,yes,96.5,82.4,104,34.4,979,10,5.6,15,0,0,0,0,0,0,91,87.98,84.25,81.56666667,100.4,98.6,93.2,89.6,73.4,71.24,68.72,67.52,39.8,42.86,44.27,46.54
"2020/10/3",273638,yes,yes,87.6,69.8,95,42,975.8,10,1.6,5.1,0,0,0,0,0,0,90.2,89.3,83.73,80.66,97.4,97.52,92.66,88.52,74.6,72.32,68.72,67.16,38.46666667,38.34,44.12,47.2
"2020/10/4",274565,yes,yes,86.5,71.6,93.2,39,978.2,10,2.1,6,0,0,0,0,0,0,87.03333333,88.34,83.02,79.94,93.8,95.72,91.4,87.8,70.4,72.32,68.72,66.68,38.1,36.86,43.75,47.7
"2020/10/5",274942,yes,yes,87,69.8,93.2,33.3,980.5,9.9,2.4,5.1,0,0,0,0,0,0,85.86666667,85.1,81.76,80.32,93.2,91.76,88.88,88.52,69.8,69.44,68.54,66.8,35.96666667,38.72,43.78,47.20666667
"2020/10/6",275856,yes,yes,84.1,68,93.2,35.6,980,10,1.5,8,0,0,0,0,0,0,83.8,81.58,79.99,81.25333333,90.2,88.16,86.36,89.48,68.6,68,67.82,67.64,37.53333333,41.26,45.04,45.97333333
"2020/10/7",277445,yes,yes,80.3,68,84.2,43.7,977.6,10,2.9,8.9,0,0,0,0,0,0,78.13333333,78.06,78.78,82.07333333,84.8,84.2,85.46,90.08,66.2,66.2,66.2,68.36,44.66666667,44.64,45.9,44.34
"2020/10/8",278665,yes,yes,70,62.6,77,54.7,978.6,8.3,0.4,4.1,0,0,0,0,0,0,73.06666667,74.22,78.94,82.46,78.2,80.24,85.64,89.96,64.4,64.76,66.74,68.6,51.43333333,49.22,45.47,42.97333333
"2020/10/9",279909,yes,yes,68.9,62.6,73.4,55.9,978.6,8.3,3.5,6,0,0,0,0,0,0,68.9,71.64,79.12,82.46,74.6,77,85.82,89.72,62.6,63.32,66.92,68.96,55.6,53.22,45.08,42.64
"2020/10/10",281165,yes,yes,67.8,62.6,73.4,56.2,979.5,8.5,3.5,6,0,0,0,0,0,0,69.3,72.46,79.04,81.62666667,74.6,79.16,86.18,88.76,62,62.96,66.74,68.24,55.9,53.08,45.29,43.18666667
"2020/10/11",282135,yes,yes,71.2,60.8,77,55.6,979.7,9.9,3.6,6,0,0,0,0,0,0,74.46666667,76.3,79.52,80.94,81.8,83.12,86.72,88.04,63.2,65.48,67.28,67.88,51.6,49.68,45.53,44.00666667
"2020/10/12",282982,yes,yes,84.4,66.2,95,43,979.6,10,3,9.9,0,0,0,0,0,0,81.6,80.18,79.89,79.9,89.6,87.44,87.26,87.32,67.4,67.64,67.64,67.04,45.43333333,45.52,45.42,45.28666667
"2020/10/13",283750,yes,yes,89.2,75.2,96.8,37.7,979.8,10,2.7,7,0,0,0,0,0,0,87.3,83.86,80.62,78.84666667,95.6,92.12,87.98,86.48,71.6,68.72,67.82,66.32,38.6,41.36,45.38,46.92666667
"2020/10/14",285016,yes,yes,88.3,73.4,95,35.1,979.9,10,2,6,0,0,0,0,0,0,87.9,87.4,80.82,77.81333333,96.2,96.44,88.88,85.28,72.2,71.24,67.46,65.6,36.06666667,37.84,45.61,48.43333333
"2020/10/15",286183,yes,yes,86.2,68,96.8,35.4,979.6,10,0.3,2.9,0,0,0,0,0,0,87.8,87.32,81.16,76.84,96.8,95.36,89.6,84.2,71.6,72.32,67.1,65.24,36.16666667,37.76,45.78,49.28
"2020/10/16",287222,yes,yes,88.9,73.4,98.6,38,978,10,3,9.9,0,0,0,0,0,0,86.36666667,84.94,80.9,76.56,95,92.84,89.42,83.6,71,70.16,66.74,65.24,38.66666667,41.08,46.04,49.16666667
"2020/10/17",288136,yes,yes,84,71.6,89.6,42.6,978.5,10,1.8,6,0,0,0,0,0,0,83.4,81.46,79.03,76.31333333,90.8,90.32,86.72,83.24,69.8,67.28,66.38,65.24,44.96666667,45.7,47.38,49.05333333
"2020/10/18",288451,yes,yes,77.3,64.4,84.2,54.3,979.9,10,3.4,8.9,0,0,0,0,0,0,77.4,78.46,76.69,76,85.4,87.08,83.84,82.76,65,65.48,65.12,65,51.7,50.2,48.91,48.64
"2020/10/19",289366,yes,yes,70.9,59,82.4,58.2,979.6,6.6,1.9,6,1,0,0,0,0,0,73.13333333,74.4,74.38,75.52666667,82.4,82.4,81.14,82.28,60.8,62.24,64.04,64.76,56.8,54.24,50.82,45.22666667
"2020/10/20",290009,yes,yes,71.2,59,80.6,57.9,976.7,7.8,2.8,6,0,0,0,0,0,0,70.23333333,70.74,72.07,74.55333333,79.4,78.08,78.08,81.08,58.4,60.44,63.14,64.28,58.1,57,52.28,42.54
"2020/10/21",290486,yes,yes,68.6,57.2,75.2,58.2,975.1,5.5,2.2,6,0,0,0,0,0,0,68.5,68.44,69.59,73.18,74.6,74.84,75.2,79.64,59.6,60.08,61.52,62.96,57.5,56.74,48.92,41.8
"2020/10/22",294065,yes,yes,65.7,62.6,68,56.4,975.1,6.5,0.7,4.1,0,0,0,0,0,0,66.7,67.3,68.17,72.23333333,70.4,71.96,73.94,78.92,60.8,60.8,60.26,61.76,55.86666667,55.94,44.93,41.39333333
"2020/10/23",296821,yes,yes,65.8,62.6,68,53,975.1,9.8,4.2,7,0,0,0,0,0,0,65.56666667,65.68,67.3,71.63333333,68,69.08,73.04,78.2,62.6,60.8,59.36,61.16,54.53333333,54.36,42.16,40.57333333
"2020/10/24",298937,yes,yes,65.2,62.6,68,54.2,980,8.8,3,5.1,0,0,0,0,0,0,64.7,64.78,67.62,70.82,67.4,68,73.22,77.48,61.4,60.8,59,60.2,52.4,43.6,39.24,39.76666667
"2020/10/25",299760,yes,yes,63.1,59,66.2,50,977.9,9.8,3.7,7,0,0,0,0,0,0,64.13333333,65.6,68.22,70.64,68,69.8,73.76,77.36,59.6,60.08,59,59.72,36.2,32.86,35.76,38.71333333
"2020/10/26",300614,yes,yes,64.1,57.2,69.8,4.4,980.8,9.8,11.2,18.1,0,0,0,0,0,0,65.66666667,66.16,69.03,70.57333333,71,71.24,75.02,77.36,58.4,58.64,59.18,59.96,19.03333333,27.58,32.53,37.33333333
"2020/10/27",302077,yes,yes,69.8,59,77,2.7,981.5,10,6.7,15.9,0,0,0,0,0,0,67.5,67.94,70.59,70.66,74,74.48,77,77.12,57.2,57.2,59.36,60.2,11.23333333,22.54,29.57,36.78666667
"2020/10/28",303369,yes,yes,68.6,55.4,75.2,26.6,981.8,10,1.7,6,0,0,0,0,0,0,70.83333333,70.76,71.64,71.14,78.8,78.44,78.62,77.72,56.6,57.2,59.9,60.56,19.43333333,17.16,27.63,35.68666667
"2020/10/29",305070,yes,yes,74.1,55.4,84.2,29,980.9,10,0.3,4.1,0,0,0,0,0,0,73.3,73.28,72.34,72.15333333,81.8,82.04,79.7,78.8,56.6,57.56,59.9,61.64,26.23333333,21.46,27.21,33.89333333
"2020/10/30",306327,yes,yes,77.2,59,86,23.1,980.1,10,3.8,8.9,0,0,0,0,0,0,76,75.58,73.87,72.62666667,86,84.2,82.04,79.88,57.8,58.64,60.44,61.88,26,26.28,26.35,33.45333333
"2020/10/31",307618,yes,yes,76.7,59,87.8,25.9,980.9,10,1.8,6,0,0,0,0,0,0,78.4,77.12,75.84,72.14666667,87.2,86,84.2,79.76,60.8,61.16,62.06,61.04,25.26666667,27.68,29.04,32.95333333
"2020/11/1",309190,yes,yes,81.3,64.4,87.8,26.8,983.9,10,2.3,6,0,0,0,0,0,0,78.1,76.74,76.14,71.40666667,86.6,84.92,84.92,79.16,63.8,62.6,62.78,60.2,28.76666667,31.88,33.75,31.76
"2020/11/2",310595,yes,yes,76.3,68,84.2,33.6,982.9,10,2.8,5.1,0,0,0,0,0,0,76.6,76.98,75.14,70.74666667,83.6,85.64,84.02,78.68,65,63.68,62.24,59.36,36.8,35.54,35.64,30.35333333
"2020/11/3",311745,yes,yes,72.2,62.6,78.8,50,981.3,10,2,5.1,0,0,0,0,0,0,75.63333333,78.4,73.14,70.32666667,84.2,86.36,81.5,78.32,65,66.56,61.7,58.88,41.66666667,36.62,36.37,31.66666667
"2020/11/4",313526,yes,yes,78.4,64.4,89.6,41.4,982.6,10,2.1,5.1,0,0,0,0,0,0,78.13333333,76.7,70.74,69.68666667,86.6,85.64,78.8,77.6,66.8,66.92,60.44,58.52,40.9,41.22,36.95,33.26
"2020/11/5",315634,yes,yes,83.8,73.4,91.4,31.3,980.9,10,4.6,7,0,0,0,0,0,0,78.33333333,73.16,68.85,69.20666667,88.4,82.04,76.46,77.24,68,63.32,59.54,58.28,40.83333333,43.6,36.77,33.46666667
"2020/11/6",317727,yes,yes,72.8,66.2,84.2,49.8,972.1,10,4.9,12,0,0,0,0,0,0,71.73333333,69.54,66.74,68.34,80.6,78.08,74.3,76.04,63.2,60.8,58.46,58.04,42.2,40.86,36.75,33.74666667
"2020/11/7",320048,yes,yes,58.6,50,66.2,45.5,970.4,10,5.8,9.9,0,0,0,0,0,0,61.83333333,64.5,65.25,67.43333333,69.8,71.96,72.86,75.08,55.4,57.2,56.84,57.8,43.86666667,38.36,36.36,34.96666667
"2020/11/8",322281,yes,yes,54.1,50,59,36.3,973.4,10,7.3,15.9,0,0,0,0,0,0,55.3,59.3,64.14,67.19333333,61.4,66.56,71.6,74.84,48.8,52.52,55.76,57.8,36.9,36.92,34.68,35.12666667
"2020/11/9",323699,yes,yes,53.2,46.4,59,28.9,979.3,10,4.6,11.1,0,0,0,0,0,0,55.03333333,56.78,62.66,66.98666667,60.8,62.96,69.8,74.72,48.8,50,54.86,57.92,29.76666667,32.28,34.68,34.87333333
"2020/11/10",325951,yes,yes,57.8,50,64.4,24.1,983.8,10,2.9,6,0,0,0,0,0,0,57.06666667,57.34,61.59,66.88,63.2,63.68,69.08,74.48,50,50.36,53.42,57.92,26.53333333,29.12,34.38,34.24
"2020/11/11",328042,yes,yes,60.2,53.6,66.2,26.6,980.9,10,2.1,6,0,0,0,0,0,0,59.8,58.74,62.13,66.22,66.8,65.12,69.26,74,51.8,50.72,53.42,57.08,26.8,28.5,31.7,33.67333333
"2020/11/12",330528,yes,yes,61.4,51.8,69.8,29.7,980.8,10,0.3,4.1,0,0,0,0,0,0,60.9,60.82,63.74,65.2,67.4,67.64,70.7,72.8,52.4,52.52,55.22,56,29.83333333,31,29.56,33.99333333
"2020/11/13",332945,yes,yes,61.1,51.8,66.2,33.2,982.6,10,1.2,6,0,0,0,0,0,0,62.03333333,63.88,64.56,64.23333333,69.2,71.6,71.96,71.84,53,54.32,55.22,54.8,34.76666667,31.84,30.08,34.26
"2020/11/14",336630,yes,yes,63.6,55.4,71.6,41.4,983.8,10,2.3,9.9,0,0,0,0,0,0,65.93333333,67.48,65.55,64.21333333,74,75.56,73.22,71.6,55.4,56.84,55.4,54.32,34.3,31.12,31.81,33.11333333
"2020/11/15",339640,yes,yes,73.1,59,84.2,28.3,983.9,10,2,12,0,0,0,0,0,0,71.63333333,70.14,66.7,64.99333333,80.6,77.72,74.48,72.2,60.2,60.08,55.94,54.92,30.9,30,32.93,32.14
"2020/11/16",342425,yes,yes,78.2,66.2,86,23,981.4,10,3.9,11.1,0,0,0,0,0,0,75.33333333,70.38,67.93,65.34666667,83.6,78.8,75.92,72.8,64.4,59.72,56.48,54.92,25.13333333,31.66,33.53,32.6
"2020/11/17",344607,yes,yes,74.7,68,80.6,24.1,980.9,10,5.1,8.9,0,0,0,0,0,0,71.73333333,70.28,68.82,65.87333333,79.4,78.8,76.46,73.4,61.4,58.28,57.2,55.28,29.53333333,32.62,33.65,33.44
"2020/11/18",348420,yes,yes,62.3,50,71.6,41.5,982.3,9.4,2.6,7,1,0,0,0,0,0,66.7,69.52,68.65,65.93333333,74.6,77.36,76.64,73.4,55.4,57.56,57.02,55.52,37.26666667,34.02,34.65,34.42666667
"2020/11/19",353316,yes,yes,63.1,48.2,71.6,46.2,983.5,10,2,6,0,0,0,0,0,0,64.9,68.38,68.4,66.27333333,73.4,76.28,76.28,73.4,51.2,56.12,56.66,56.24,41,35.94,34.66,34.36666667
"2020/11/20",357541,yes,yes,69.3,55.4,77,35.3,983.4,10,0.5,2.9,0,0,0,0,0,0,68.3,67.5,66.96,66.08666667,76.4,75.2,74.3,73.04,54.2,54.32,56.12,56.48,38.03333333,37.3,35.72,33.77333333
"2020/11/21",361962,yes,yes,72.5,59,80.6,32.6,982.2,10,1.2,6,0,0,0,0,0,0,70.7,66.92,65.67,66.56666667,77.6,74.48,72.32,73.76,57.8,54.32,55.94,56.72,32.93333333,37.64,35.99,32.41333333
